City,Lat,Lng,Max Temp,Humidity,Cloudiness,Wind Speed,Country,Date
los llanos de aridane,28.6585,-17.9182,286.5,77,20,2.06,ES,1612743000
mathbaria,22.2876,89.9593,287.17,49,0,3.18,BD,1612743098
sidi ali,36.0998,0.4206,284.18,80,4,12.37,DZ,1612743098
bluff,-46.6,168.3333,290.15,65,99,2.07,NZ,1612743038
pisco,-13.7,-76.2167,295.35,83,75,5.66,PE,1612742966
port alfred,-33.5906,26.891,291.48,95,97,1.34,ZA,1612743098
shingu,33.7333,135.9833,283.15,57,20,3.09,JP,1612743098
saskylakh,71.9167,114.0833,234.85,79,32,5.69,RU,1612743040
reinosa,42.9996,-4.138,285.19,90,100,0.89,ES,1612743055
cayenne,4.9333,-52.3333,300.15,83,90,4.12,GF,1612743029
ust-omchug,61.15,149.6333,254.62,89,100,5.97,RU,1612743099
qaanaaq,77.484,-69.3632,263.61,85,76,2.86,GL,1612743031
necochea,-38.5473,-58.7368,287.59,76,96,6.65,AR,1612743099
meulaboh,4.1363,96.1285,297.77,85,73,1.71,ID,1612743100
beringovskiy,63.05,179.3167,258.27,93,100,7.57,RU,1612743056
bengkulu,-3.8004,102.2655,297.33,80,92,2.67,ID,1612743100
faanui,-16.4833,-151.75,300.67,76,2,5.49,PF,1612743100
hambantota,6.1241,81.1185,297.83,81,12,6.8,LK,1612742822
new norfolk,-42.7826,147.0587,287.21,72,67,1.79,AU,1612743100
alofi,-19.0595,-169.9187,303.15,62,75,5.14,NU,1612743044
cidreira,-30.1811,-50.2056,294.72,71,0,3.59,BR,1612743101
jamestown,42.097,-79.2353,262.01,72,90,5.66,US,1612743101
butaritari,3.0707,172.7902,300.4,80,90,8.65,KI,1612743101
beloha,-25.1667,45.05,296.72,96,15,2.0,MG,1612743101
vaini,-21.2,-175.2,298.15,94,90,7.2,TO,1612743101
nelson bay,-32.7167,152.15,297.3,64,75,7.2,AU,1612742878
chibuto,-24.6867,33.5306,295.93,95,92,1.37,MZ,1612743102
eufaula,31.8913,-85.1455,282.03,76,1,1.86,US,1612743102
dikson,73.5069,80.5464,237.32,85,90,6.69,RU,1612743102
castro,-24.7911,-50.0119,289.05,67,1,3.1,BR,1612742872
rikitea,-23.1203,-134.9692,298.55,73,84,5.84,PF,1612743102
parati,-23.2178,-44.7131,295.2,83,89,0.41,BR,1612743008
catamarca,-28.4696,-65.7852,295.05,76,13,0.89,AR,1612743074
mareeba,-17.0,145.4333,303.67,74,84,1.54,AU,1612743103
busselton,-33.65,115.3333,290.72,99,81,1.34,AU,1612743103
provideniya,64.3833,-173.3,255.07,83,74,7.92,RU,1612743103
east london,-33.0153,27.9116,294.73,88,88,4.62,ZA,1612742902
tiksi,71.6872,128.8694,239.04,86,49,2.32,RU,1612743104
gornyy,55.1153,83.9059,262.62,95,100,5.83,RU,1612743104
vikhorevka,56.1201,101.1636,263.92,79,59,1.0,RU,1612743104
hithadhoo,-0.6,73.0833,300.71,71,37,2.98,MV,1612743024
hilo,19.7297,-155.09,297.35,54,20,5.66,US,1612743104
comodoro rivadavia,-45.8667,-67.5,290.15,59,0,8.75,AR,1612743049
sao filipe,14.8961,-24.4956,293.64,75,100,6.29,CV,1612743104
punta arenas,-53.15,-70.9167,292.15,34,90,3.09,CL,1612742880
kapaa,22.0752,-159.319,296.77,50,1,3.6,US,1612743030
pervomayskiy,53.2485,40.2871,258.15,71,84,4.32,RU,1612743105
guarapari,-20.6667,-40.4975,294.21,100,90,3.09,BR,1612743105
severo-kurilsk,50.6789,156.125,268.31,91,34,7.85,RU,1612743105
albany,42.6001,-73.9662,270.48,61,99,0.89,US,1612743007
mar del plata,-38.0023,-57.5575,288.26,94,90,8.23,AR,1612743032
bredasdorp,-34.5322,20.0403,288.15,77,52,2.57,ZA,1612743106
mugumu,-1.85,34.7,290.56,88,95,2.44,TZ,1612743106
tuusula,60.4037,25.0264,266.35,93,75,2.06,FI,1612742847
avarua,-21.2078,-159.775,303.15,70,20,5.66,CK,1612742932
hobart,-42.8794,147.3294,288.84,51,75,5.66,AU,1612743106
sozimskiy,59.7418,52.2482,245.36,86,100,4.08,RU,1612743106
luderitz,-26.6481,15.1594,292.69,57,0,12.52,NA,1612743019
saint anthony,45.0205,-93.218,254.15,46,90,3.09,US,1612743107
mataura,-46.1927,168.8643,295.53,42,99,1.4,NZ,1612743027
kearney,40.6995,-99.0815,256.56,85,90,4.63,US,1612743107
bambous virieux,-20.3428,57.7575,298.67,83,40,2.57,MU,1612742977
idrinskoye,54.3708,92.1358,265.93,96,95,1.35,RU,1612743107
san andres,12.5847,-81.7006,300.15,74,20,4.12,CO,1612743108
anloga,5.7947,0.8973,302.15,84,20,5.14,GH,1612743108
ushuaia,-54.8,-68.3,286.15,71,20,3.6,AR,1612743108
pevek,69.7008,170.3133,251.94,83,0,0.79,RU,1612743022
esperance,-33.8667,121.9,294.15,68,40,7.72,AU,1612743108
takoradi,4.8845,-1.7554,299.71,86,61,3.99,GH,1612743057
alice springs,-23.7,133.8833,303.15,21,0,7.2,AU,1612743108
san-pedro,4.7485,-6.6363,299.12,91,76,3.3,CI,1612743109
hobyo,5.3505,48.5268,298.19,82,1,7.42,SO,1612743109
georgetown,5.4112,100.3354,297.94,83,20,1.03,MY,1612743035
yuancheng,36.652,107.7896,271.08,83,43,0.71,CN,1612743109
mahebourg,-20.4081,57.7,299.15,83,40,3.09,MU,1612743109
phan thiet,10.9333,108.1,295.9,80,75,2.26,VN,1612743109
pavlodar,52.3,76.95,267.15,93,0,5.0,KZ,1612743109
brae,60.3964,-1.353,273.19,89,94,2.75,GB,1612743110
atuona,-9.8,-139.0333,299.59,74,24,9.23,PF,1612743026
saldanha,-33.0117,17.9442,290.15,72,0,4.12,ZA,1612743049
copperas cove,31.1241,-97.9031,290.15,36,20,5.14,US,1612743047
canavieiras,-15.675,-38.9472,299.17,86,100,2.97,BR,1612743110
ribeira grande,38.5167,-28.7,287.95,76,73,5.96,PT,1612743065
talnakh,69.4865,88.3972,244.99,75,28,1.01,RU,1612742878
tasiilaq,65.6145,-37.6368,270.15,46,0,8.75,GL,1612743111
bathsheba,13.2167,-59.5167,299.15,65,20,7.2,BB,1612743111
matagami,49.7502,-77.6328,256.15,71,90,2.06,CA,1612743111
lorengau,-2.0226,147.2712,301.97,76,100,2.37,PG,1612743048
salo,45.6086,10.531,280.93,87,75,1.03,IT,1612743111
bure,10.7,37.0667,284.07,45,0,1.41,ET,1612742830
ouro preto do oeste,-10.7481,-62.2158,297.09,95,92,1.16,BR,1612743112
coihaique,-45.5752,-72.0662,295.15,35,0,3.09,CL,1612743112
cape town,-33.9258,18.4232,291.89,68,0,6.69,ZA,1612742488
surt,31.2089,16.5887,294.39,26,100,6.98,LY,1612743112
hasaki,35.7333,140.8333,277.6,56,75,2.06,JP,1612743112
plettenberg bay,-34.0527,23.3716,290.79,79,81,3.33,ZA,1612743079
san quintin,30.4833,-115.95,290.69,59,0,4.81,MX,1612743112
acajutla,13.5928,-89.8275,305.15,33,0,2.57,SV,1612743113
barrow,71.2906,-156.7887,241.15,68,1,6.17,US,1612743045
raudeberg,61.9875,5.1352,268.15,58,0,3.46,NO,1612743028
rodrigues alves,-7.738,-72.6509,298.31,89,100,0.92,BR,1612743113
saint-philippe,-21.3585,55.7679,298.2,61,90,4.12,RE,1612743113
grand gaube,-20.0064,57.6608,298.15,86,43,1.34,MU,1612743086
te anau,-45.4167,167.7167,292.49,57,100,2.38,NZ,1612743072
anadyr,64.75,177.4833,261.15,52,100,10.0,RU,1612743114
hermanus,-34.4187,19.2345,287.59,89,4,0.71,ZA,1612743028
puerto ayora,-0.7393,-90.3518,298.15,96,93,1.34,EC,1612743114
kavaratti,10.5669,72.642,300.3,70,29,4.13,IN,1612743114
huntingdon,52.3305,-0.1865,272.27,89,99,4.47,GB,1612743114
sabang,5.8933,95.3214,300.61,79,7,6.98,ID,1612743115
rennes,48.1667,-1.6667,276.15,70,90,4.12,FR,1612743115
urucara,-2.5364,-57.76,298.77,85,98,0.17,BR,1612743115
lata,40.1629,-8.3327,285.2,94,100,4.92,PT,1612743115
katsuura,35.1333,140.3,280.14,53,40,5.14,JP,1612743115
liwale,-9.7667,37.9333,295.21,98,99,1.45,TZ,1612743116
katobu,-4.9408,122.5276,300.28,82,95,1.31,ID,1612743116
kruisfontein,-34.0033,24.7314,291.48,89,90,0.89,ZA,1612743116
guerrero negro,27.9769,-114.0611,294.55,31,0,5.77,MX,1612743081
houma,29.5958,-90.7195,285.51,71,1,3.6,US,1612743116
dunedin,-45.8742,170.5036,289.26,88,92,0.45,NZ,1612743116
itarantim,-15.6597,-40.0656,296.06,92,100,0.79,BR,1612743117
salinas,36.6777,-121.6555,287.52,63,1,5.14,US,1612743117
carnarvon,-24.8667,113.6333,300.15,100,40,5.66,AU,1612743110
nishihara,26.1842,127.7558,289.89,55,1,4.12,JP,1612743117
manyana,-23.4,21.7167,292.06,87,66,2.7,BW,1612743117
cherskiy,68.75,161.3,256.9,70,12,2.08,RU,1612743117
balkhash,46.844,74.9804,273.85,97,87,6.58,KZ,1612743118
high level,58.5169,-117.136,246.15,63,20,1.03,CA,1612743118
isangel,-19.55,169.2667,302.15,74,40,3.09,VU,1612743118
sochi,43.6,39.7303,280.15,87,75,4.0,RU,1612743118
muli,2.9167,73.5667,300.57,73,0,7.24,MV,1612743118
ostrovnoy,68.0531,39.5131,263.79,94,84,4.93,RU,1612743118
beroroha,-21.6667,45.1667,297.27,87,93,0.58,MG,1612743119
karratha,-20.7377,116.8463,299.79,67,10,5.17,AU,1612743119
hoquiam,46.9809,-123.8893,279.12,81,90,9.77,US,1612743119
balykshi,47.0667,51.8667,259.15,78,0,4.0,KZ,1612743119
majene,-3.5403,118.9707,300.06,80,98,1.13,ID,1612742830
synya,65.3718,58.0387,246.55,88,100,4.15,RU,1612743119
rawlins,41.7911,-107.2387,272.15,40,1,11.83,US,1612743120
kibaya,-5.3,36.5667,289.24,99,99,0.99,TZ,1612743120
akdepe,42.0551,59.3788,277.64,87,0,3.09,TM,1612743120
mount gambier,-37.8333,140.7667,288.15,67,90,6.17,AU,1612742885
niquelandia,-14.4739,-48.4597,292.95,95,100,1.62,BR,1612743120
hofn,64.2539,-15.2082,275.82,86,100,7.55,IS,1612743120
longyearbyen,78.2186,15.6401,263.15,48,0,8.75,SJ,1612743112
arraial do cabo,-22.9661,-42.0278,297.06,82,100,2.79,BR,1612743121
opuwo,-18.0607,13.84,293.76,31,79,2.96,NA,1612743121
praia,14.9215,-23.5087,293.15,68,75,8.75,CV,1612743121
visavadar,21.3833,70.6833,289.14,32,0,2.72,IN,1612743121
port hardy,50.6996,-127.4199,277.15,70,75,4.63,CA,1612743122
balakovo,52.0278,47.8007,250.39,88,0,4.82,RU,1612743122
skjervoy,70.0311,20.9714,271.68,91,100,7.45,NO,1612742828
kavieng,-2.5744,150.7967,302.53,71,66,3.92,PG,1612743053
manggar,-2.8833,108.2667,299.88,81,100,5.31,ID,1612743122
yining,29.0361,114.5636,283.53,87,100,2.34,CN,1612743081
ponta do sol,32.6667,-17.1,284.62,74,42,1.34,PT,1612743025
pulaski,34.7668,-92.3001,273.78,75,90,6.17,US,1612742985
narsaq,60.9167,-46.05,276.15,28,73,20.06,GL,1612743123
hirado,33.3597,129.5531,282.79,53,75,9.26,JP,1612743123
marzuq,14.4,46.4667,287.66,50,0,1.9,YE,1612743124
padang,-0.9492,100.3543,296.15,94,20,1.54,ID,1612743124
yulara,-25.2406,130.9889,303.15,21,14,7.72,AU,1612743105
bethel,41.3712,-73.414,270.42,86,20,2.57,US,1612743124
port elizabeth,-33.918,25.5701,291.48,89,72,0.89,ZA,1612743017
buraydah,26.326,43.975,284.15,100,40,1.54,SA,1612743078
avera,33.194,-82.5271,279.52,93,1,1.91,US,1612743028
bisira,8.5196,-81.7115,289.42,100,60,2.71,PA,1612743125
linxia,35.6003,103.2064,270.79,74,0,0.88,CN,1612743125
sorland,67.667,12.6934,274.36,86,78,3.99,NO,1612743125
fallon,39.4735,-118.7774,288.69,9,40,4.12,US,1612743125
santiago,-33.4569,-70.6483,295.49,46,0,3.6,CL,1612742451
ketchikan,55.3422,-131.6461,271.95,64,1,3.6,US,1612743125
touros,-5.1989,-35.4608,300.15,83,20,5.66,BR,1612743125
mount isa,-20.7333,139.5,301.15,69,90,5.14,AU,1612743126
bahia honda,22.9036,-83.1592,297.99,78,12,3.2,CU,1612742891
nanortalik,60.1432,-45.2371,272.37,87,90,7.44,GL,1612743029
broome,42.2506,-75.833,265.15,73,1,2.57,US,1612743126
parrita,9.5201,-84.3225,296.14,65,40,5.14,CR,1612743126
monrovia,6.3005,-10.7969,297.15,100,20,3.06,LR,1612743127
ozu,33.5,132.55,283.15,66,40,6.17,JP,1612743127
yellowknife,62.456,-114.3525,238.15,61,40,3.6,CA,1612743024
clyde river,70.4692,-68.5914,255.15,92,75,5.66,CA,1612743127
karaton,-6.3424,106.1045,298.99,89,75,2.57,ID,1612743127
kivioli,59.3531,26.9711,264.9,96,94,3.05,EE,1612743128
muriwai beach,-36.8167,174.45,296.69,53,75,5.14,NZ,1612743128
mulege,26.8833,-111.9833,294.63,28,0,1.9,MX,1612743128
bunia,1.5667,30.25,290.96,39,44,1.16,CD,1612743128
minab,27.1467,57.0801,290.15,82,20,3.09,IR,1612743128
dakar,14.6937,-17.4441,291.15,77,0,4.63,SN,1612743128
chuy,-33.6971,-53.4616,292.35,75,34,3.79,UY,1612743046
port augusta,-32.5,137.7667,296.87,56,0,3.09,AU,1612743129
port said,31.2565,32.2841,289.15,82,0,4.12,EG,1612743129
vage,60.0469,5.5178,266.51,61,0,0.45,NO,1612743129
lasa,46.6166,10.7002,274.69,93,90,3.09,IT,1612743093
airai,-8.9266,125.4092,292.53,97,100,1.38,TL,1612743129
kloulklubed,7.0419,134.2556,301.15,83,75,4.63,PW,1612743130
ende,-8.8432,121.6623,300.79,71,100,1.5,ID,1612743130
sembe,1.6481,14.5806,295.87,80,96,2.04,CG,1612743130
teguldet,57.3064,88.1667,264.09,95,74,3.77,RU,1612743130
quelimane,-17.8786,36.8883,297.4,90,56,0.84,MZ,1612743130
tecoanapa,16.5167,-98.75,300.43,68,8,3.8,MX,1612743130
sao joao da barra,-21.6403,-41.0511,294.64,95,100,3.92,BR,1612743131
pangnirtung,66.1451,-65.7125,270.36,77,0,5.15,CA,1612743111
maragogi,-9.0122,-35.2225,298.91,80,95,4.02,BR,1612742890
uarini,-2.99,-65.1083,300.15,89,20,2.06,BR,1612743131
asau,46.4333,26.4,272.04,73,93,0.88,RO,1612743131
ilulissat,69.2167,-51.1,266.15,45,0,6.69,GL,1612743131
hirara,24.8,125.2833,292.56,77,40,3.09,JP,1612742942
san jeronimo,-11.9472,-75.2829,282.57,77,100,2.53,PE,1612743131
zar,40.2588,44.732,271.15,86,44,1.69,AM,1612743132
sinnamary,5.3833,-52.95,298.72,83,100,6.19,GF,1612743132
kolda,12.8833,-14.95,296.15,49,68,2.92,SN,1612743132
kibala,9.1104,18.3463,295.15,26,0,1.95,TD,1612743132
ambatofinandrahana,-20.55,46.8,289.92,93,96,1.81,MG,1612743132
honiara,-9.4333,159.95,303.54,64,49,3.65,SB,1612743063
tateyama,34.9833,139.8667,280.84,53,40,5.14,JP,1612743133
khatanga,71.9667,102.5,239.4,79,0,4.95,RU,1612743034
nikolskoye,59.7035,30.7861,262.51,86,90,6.0,RU,1612743060
severomuysk,56.1481,113.4267,253.64,93,97,2.04,RU,1612743133
noumea,-22.2763,166.4572,302.47,62,0,3.6,NC,1612743019
namatanai,-3.6667,152.4333,302.44,70,89,2.74,PG,1612742860
thompson,55.7435,-97.8558,241.15,68,40,7.72,CA,1612743016
santiago de cao,-7.9589,-79.2392,295.05,77,92,4.92,PE,1612743134
gold coast,-28.0,153.4333,300.39,61,40,6.69,AU,1612742836
olafsvik,64.8945,-23.7142,274.45,83,51,6.86,IS,1612743134
stonewall,50.1344,-97.3268,245.65,53,70,1.54,CA,1612743134
beaupre,47.0443,-70.8953,266.79,93,100,0.51,CA,1612743135
entebbe,0.0644,32.4469,295.15,83,76,1.82,UG,1612743135
aranos,-24.1333,19.1167,296.44,61,4,5.76,NA,1612743135
kibre mengist,5.8833,38.9833,287.03,66,85,1.34,ET,1612743135
olinda,-8.0089,-34.8553,300.15,69,40,3.6,BR,1612743127
sayyan,15.1718,44.3244,281.79,54,27,3.34,YE,1612743135
kyzyl-oktyabr,42.769,75.7313,278.04,67,100,4.17,KG,1612743135
dalbandin,28.8947,64.4101,284.76,35,0,1.56,PK,1612743136
tuatapere,-46.1333,167.6833,293.11,56,100,2.98,NZ,1612743136
pingyin,36.2831,116.4453,276.48,32,16,2.49,CN,1612743136
xuddur,4.1213,43.8894,293.5,79,45,7.73,SO,1612743136
prieska,-29.6641,22.7474,298.41,39,2,4.74,ZA,1612743087
sandur,15.1,76.55,290.19,60,96,2.76,IN,1612743136
progreso,21.2833,-89.6667,298.44,78,20,3.6,MX,1612743137
mnogovershinnyy,53.9353,139.9242,253.62,92,100,5.35,RU,1612743137
kroya,-7.6331,109.2461,298.98,84,100,2.32,ID,1612743137
corpus christi,27.8006,-97.3964,291.73,59,75,8.23,US,1612743137
itoman,26.1247,127.6694,289.95,63,20,4.12,JP,1612743137
kodiak,57.79,-152.4072,275.15,51,1,1.54,US,1612743059
husavik,66.0449,-17.3389,273.15,74,90,1.03,IS,1612743043
eyl,7.9803,49.8164,296.21,81,1,7.48,SO,1612743016
calvia,39.5657,2.5062,282.16,93,20,2.06,ES,1612743138
lima,-12.0432,-77.0282,296.98,73,75,6.69,PE,1612742500
cabatuan,10.8794,122.486,297.66,90,100,5.8,PH,1612743138
flinders,-34.5833,150.8552,295.25,69,58,1.79,AU,1612743139
nantucket,41.2835,-70.0995,274.2,100,90,11.32,US,1612743135
maceio,-9.6658,-35.7353,298.15,88,0,3.6,BR,1612743139
sakakah,29.9697,40.2064,282.15,81,0,1.5,SA,1612743139
victoria,22.2855,114.1577,291.93,83,0,5.88,HK,1612743023
susa,35.8254,10.637,285.72,82,72,3.09,TN,1612743139
prachin buri,14.0833,101.6667,295.84,78,0,0.48,TH,1612743139
kota bahru,6.1333,102.2386,297.09,94,40,1.36,MY,1612743140
vuktyl,63.8567,57.3094,243.24,86,100,4.17,RU,1612743085
warmbad,-28.45,18.7333,295.25,36,0,5.97,NA,1612743140
jaggayyapeta,16.9,80.1,290.37,91,84,1.27,IN,1612743140
harper,4.375,-7.7169,299.42,89,78,3.62,LR,1612742933
norman wells,65.282,-126.8329,242.15,76,40,1.54,CA,1612743140
rovaniemi,66.5,25.7167,261.15,85,0,4.12,FI,1612743140
nome,64.5011,-165.4064,254.67,84,1,1.29,US,1612743119
norsup,-16.0667,167.3833,302.67,52,0,1.35,VU,1612743141
brainerd,46.358,-94.2008,251.58,45,90,3.09,US,1612743141
dingle,10.9995,122.6711,298.09,90,100,5.01,PH,1612743141
vardo,70.3705,31.1107,269.06,92,100,12.36,NO,1612743142
kushmurun,52.4503,64.6311,255.52,92,13,4.4,KZ,1612743142
bela,25.9333,81.9833,283.02,63,0,1.82,IN,1612743142
haines junction,60.7522,-137.5108,246.15,63,19,0.51,CA,1612743142
bandarbeyla,9.4942,50.8122,296.88,82,29,7.57,SO,1612743142
nara,34.6851,135.8049,280.11,65,40,4.12,JP,1612743142
poum,-20.2333,164.0167,300.11,70,36,2.61,NC,1612743086
chokurdakh,70.6333,147.9167,245.44,88,97,3.47,RU,1612743017
paamiut,61.994,-49.6678,270.93,86,86,3.72,GL,1612742856
najran,17.4924,44.1277,289.15,48,20,1.56,SA,1612743143
loughrea,53.1969,-8.5669,276.15,60,75,6.69,IE,1612743143
tomatlan,19.9333,-105.25,297.79,68,1,2.8,MX,1612743143
mayya,61.7333,130.2811,230.15,59,0,1.0,RU,1612743144
kitimat,54.0524,-128.6534,271.48,61,90,2.33,CA,1612742913
sumbe,-11.2061,13.8437,297.53,79,100,0.3,AO,1612743144
bukachacha,52.9833,116.9167,246.63,86,75,0.78,RU,1612743127
poopo,-18.3667,-66.9667,284.86,66,98,3.31,BO,1612743144
taltal,-25.4,-70.4833,291.62,74,24,1.98,CL,1612743022
rio branco do sul,-25.19,-49.3142,290.31,96,0,1.34,BR,1612743145
upernavik,72.7868,-56.1549,265.53,79,12,1.95,GL,1612743145
huntington,38.4193,-82.4452,270.6,43,1,2.06,US,1612742892
zhigansk,66.7697,123.3711,237.69,78,2,1.66,RU,1612743091
castle rock,39.3722,-104.8561,279.12,9,40,8.23,US,1612743109
pangody,65.85,74.4859,257.42,94,100,6.69,RU,1612743145
lebu,-37.6167,-73.65,288.29,92,35,0.58,CL,1612743041
san cristobal,7.7669,-72.225,302.15,51,40,6.17,VE,1612743146
tautira,-17.7333,-149.15,303.43,58,20,3.09,PF,1612743146
aban,56.67,96.06,269.59,95,65,4.46,RU,1612743128
belmonte,-15.8631,-38.8828,299.15,83,40,3.6,BR,1612743146
taoudenni,22.6783,-3.9836,288.69,32,0,3.64,ML,1612742911
torbay,47.6666,-52.7314,271.61,69,20,14.92,CA,1612743054
bonthe,7.5264,-12.505,299.35,84,31,2.62,SL,1612743146
gat,31.61,34.7642,285.01,84,20,1.63,IL,1612742943
port keats,-14.25,129.55,299.78,85,100,2.88,AU,1612743147
atar,20.5169,-13.0499,287.89,37,0,4.02,MR,1612743056
nortelandia,-14.4547,-56.8028,297.06,64,36,0.76,BR,1612743147
ekibastuz,51.6667,75.3667,265.78,97,98,7.5,KZ,1612743147
serowe,-22.3833,26.7167,291.89,91,100,1.71,BW,1612743147
carutapera,-1.195,-46.02,298.23,91,5,3.19,BR,1612743147
portland,45.5234,-122.6762,281.23,57,75,5.14,US,1612743097
koumac,-20.5667,164.2833,301.58,64,30,3.24,NC,1612743148
camocim,-2.9022,-40.8411,299.29,85,45,4.51,BR,1612743148
sulangan,11.1373,123.7228,299.43,85,100,8.55,PH,1612743070
manglisi,41.697,44.3845,277.15,81,0,1.54,GE,1612743148
kahului,20.8947,-156.47,296.38,50,20,5.66,US,1612743121
souillac,-20.5167,57.5167,299.15,83,40,3.09,MU,1612743139
geraldton,-28.7667,114.6,295.15,73,75,6.17,AU,1612743133
camacari,-12.6975,-38.3242,301.15,78,40,7.72,BR,1612743149
berlevag,70.8578,29.0864,268.71,92,100,11.44,NO,1612743149
omboue,-1.5746,9.2618,299.23,85,100,1.37,GA,1612743140
korla,41.7597,86.1469,272.7,78,71,1.59,CN,1612743149
coahuayana,18.7333,-103.6833,296.15,78,20,2.3,MX,1612743149
manado,1.487,124.8455,297.15,100,40,0.51,ID,1612743149
port lincoln,-34.7333,135.8667,290.46,73,67,7.38,AU,1612743145
santa maria,-29.6842,-53.8069,298.15,69,20,1.54,BR,1612743012
breytovo,58.2993,37.8617,248.12,88,0,3.06,RU,1612743150
anzio,41.4853,12.6179,285.37,91,99,0.89,IT,1612743150
vao,-22.6667,167.4833,298.59,80,90,2.48,NC,1612743123
bethanien,-26.502,17.1583,296.25,40,0,5.23,NA,1612743150
fairbanks,64.8378,-147.7164,250.01,70,20,3.09,US,1612742895
tessalit,20.1986,1.0114,289.12,30,100,4.66,ML,1612743150
cockburn town,21.4612,-71.1419,298.15,83,20,3.09,TC,1612743151
pemba,-12.974,40.5178,299.48,94,75,2.57,MZ,1612743013
adrar,20.5022,-10.0711,287.49,35,0,4.11,MR,1612743151
cove,7.221,2.3402,299.49,81,96,2.16,BJ,1612743151
hualmay,-11.0964,-77.6139,295.55,75,99,5.05,PE,1612743055
cabo san lucas,22.8909,-109.9124,293.81,60,40,3.09,MX,1612743141
bodden town,19.2833,-81.25,299.74,69,0,3.6,KY,1612743151
canyon,34.9803,-101.9188,287.61,9,1,3.6,US,1612743152
leningradskiy,69.3833,178.4167,247.2,85,0,3.66,RU,1612743030
inta,66.0317,60.1659,247.6,89,100,4.81,RU,1612743152
port blair,11.6667,92.75,298.12,81,12,5.56,IN,1612742906
kungurtug,50.5994,97.5228,257.34,84,53,0.76,RU,1612743152
tukrah,32.5341,20.5791,293.41,33,100,14.97,LY,1612743152
guymon,36.6828,-101.4816,280.15,53,1,5.66,US,1612743153
semme,46.1963,1.5007,276.15,93,90,1.54,FR,1612743153
cedar city,37.6775,-113.0619,286.15,7,1,3.6,US,1612743153
kieta,-6.2167,155.6333,303.68,65,33,3.2,PG,1612743153
kabelvag,68.2114,14.4817,272.38,59,75,3.09,NO,1612743153
qaqortoq,60.7167,-46.0333,276.15,28,47,20.06,GL,1612743154
acapulco,16.8634,-99.8901,301.15,74,1,4.12,MX,1612743154
hammerfest,70.6634,23.6821,268.15,86,90,6.69,NO,1612743154
kaitangata,-46.2817,169.8464,291.48,85,99,3.13,NZ,1612743153
matamoros,25.5333,-103.25,299.91,11,75,3.49,MX,1612743154
bud,39.447,-86.1758,262.22,59,97,2.55,US,1612743154
neiafu,-18.65,-173.9833,298.15,94,75,5.14,TO,1612743154
tuktoyaktuk,69.4541,-133.0374,240.15,68,75,7.72,CA,1612743151
dwarka,22.2394,68.9678,293.16,46,0,5.51,IN,1612742883
kaeo,-35.1,173.7833,294.01,67,46,4.53,NZ,1612743155
fukue,32.6881,128.8419,281.15,53,0,7.72,JP,1612743153
abonnema,4.7084,6.7931,301.15,89,20,1.03,NG,1612743155
tocache,-8.1842,-76.5125,297.02,86,97,0.3,PE,1612743148
matveyevka,52.15,56.1833,252.15,77,0,5.0,RU,1612743155
khorixas,-20.3667,14.9667,292.76,50,92,1.5,NA,1612743156
kharp,66.8014,65.8081,253.59,90,100,5.27,RU,1612743156
westport,41.1415,-73.3579,271.33,86,20,2.06,US,1612743156
carauari,-4.8828,-66.8958,297.95,93,87,0.71,BR,1612743156
tuy hoa,13.0833,109.3,295.19,89,99,2.04,VN,1612743156
maniitsoq,65.4167,-52.9,269.81,79,0,8.13,GL,1612743157
bosaso,11.2842,49.1816,296.24,80,14,0.87,SO,1612743157
north bend,43.4065,-124.2243,282.24,66,40,4.63,US,1612743157
lumberton,34.6182,-79.0086,278.47,81,1,1.86,US,1612742737
khani,41.9563,42.9566,280.15,93,0,3.09,GE,1612743157
ayni,39.3941,68.5377,278.75,57,58,3.47,TJ,1612743157
hvide sande,56.0045,8.1294,270.37,72,100,2.24,DK,1612743158
vanersborg,58.3807,12.3234,262.41,85,40,2.57,SE,1612743158
henties bay,-22.116,14.2845,291.48,90,97,2.24,NA,1612743158
kentau,43.5206,68.5094,277.43,91,100,1.74,KZ,1612743158
mitzic,0.7821,11.549,293.83,97,97,1.35,GA,1612743158
makakilo city,21.3469,-158.0858,298.36,44,20,3.6,US,1612743058
wanning,18.8003,110.3967,293.94,89,72,1.85,CN,1612743124
san nicolas,18.1725,120.5953,296.15,94,75,1.03,PH,1612743159
coro,11.4045,-69.6734,297.49,82,96,7.32,VE,1612743159
santarem,-2.4431,-54.7083,299.15,89,40,1.03,BR,1612743159
constitucion,-35.3333,-72.4167,288.22,87,2,3.12,CL,1612743008
porosozero,62.7191,32.727,252.62,91,32,1.87,RU,1612743159
hovd,48.0056,91.6419,262.38,85,85,0.47,MN,1612743160
kourou,5.1552,-52.6478,300.15,83,90,4.12,GF,1612743160
peschanokopskoye,46.1961,41.0775,269.7,88,100,2.53,RU,1612743160
xiaoweizhai,26.1903,107.5125,285.02,91,100,1.99,CN,1612743160
san ramon,37.7799,-121.978,291.6,37,1,1.54,US,1612743003
camopi,3.1655,-52.3158,295.63,98,100,1.33,GF,1612743160
manama,26.2154,50.5832,291.15,77,0,2.57,BH,1612743126
san jose,37.3394,-121.895,292.05,37,75,3.6,US,1612742373
lianran,24.9227,102.485,281.14,93,90,3.0,CN,1612743006
saint-louis,16.3333,-15.0,295.15,43,13,1.03,SN,1612743161
axim,4.8699,-2.2405,299.71,87,50,3.15,GH,1612743161
sambava,-14.2667,50.1667,297.39,90,91,2.07,MG,1612743129
biltine,14.5333,20.9167,291.45,25,35,5.76,TD,1612743053
bridgewater,44.3835,-64.5155,271.89,100,100,9.26,CA,1612743162
kazachinskoye,57.6953,93.2761,266.61,94,63,3.61,RU,1612743162
dneprovskaya,45.6236,38.8081,269.08,100,100,4.44,RU,1612743162
diffa,13.3154,12.6113,291.72,24,0,4.15,NE,1612743162
mumbwa,-14.9783,27.0619,292.23,96,99,2.46,ZM,1612743162
simao,22.7886,100.9748,285.32,96,99,0.26,CN,1612743162
luba,3.4568,8.5547,298.15,83,20,1.54,GQ,1612743129
bilma,18.6853,12.9164,291.45,23,99,2.96,NE,1612743163
wellington,-41.2866,174.7756,293.62,68,75,10.8,NZ,1612743163
fort nelson,58.8053,-122.7002,247.15,70,75,4.63,CA,1612743163
caravelas,-17.7125,-39.2481,297.59,91,100,2.81,BR,1612743127
morondava,-20.2833,44.2833,299.4,83,99,3.67,MG,1612743164
lagoa,39.05,-27.9833,287.49,77,80,7.73,PT,1612743039
marquette,46.5333,-87.6335,255.37,54,83,2.24,US,1612743075
awbari,26.5921,12.7805,291.66,27,100,5.08,LY,1612743164
srednekolymsk,67.45,153.6833,248.24,83,67,0.73,RU,1612743138
bafq,31.6128,55.4107,285.5,57,72,2.95,IR,1612743164
shimoda,34.6667,138.95,283.34,54,20,8.75,JP,1612743162
ancud,-41.8697,-73.8203,290.68,73,0,0.64,CL,1612743018
druzhba,52.0428,33.9453,256.11,93,58,1.41,UA,1612743165
kindu,-2.95,25.95,294.69,84,97,0.26,CD,1612743089
evensk,61.95,159.2333,263.15,93,100,18.26,RU,1612743165
kadoma,34.7333,135.5833,279.71,81,75,4.12,JP,1612743165
arzakan,40.45,44.6065,271.15,86,46,0.64,AM,1612743166
khasan,42.4308,130.6434,259.9,86,57,10.15,RU,1612743166
qasigiannguit,68.8193,-51.1922,266.15,45,0,6.69,GL,1612743110
sitka,57.0531,-135.33,275.15,30,40,2.06,US,1612743019
boyolangu,-8.1181,111.8935,297.84,86,99,4.19,ID,1612743166
joigny,47.9829,3.401,273.15,83,81,0.45,FR,1612743166
saint george,37.1041,-113.5841,290.56,14,1,2.06,US,1612743166
owando,-0.4819,15.8999,297.02,80,75,1.68,CG,1612743167
hami,42.8,93.45,271.21,80,81,0.6,CN,1612743136
mayo,38.8876,-76.5119,275.35,44,1,6.69,US,1612743090
shahrud,36.4182,54.9763,280.14,82,100,0.17,IR,1612743168
kangundo,-1.2979,37.3471,289.93,95,100,1.74,KE,1612743168
sarakhs,36.5449,61.1577,280.15,76,23,1.03,IR,1612743168
xianyang,34.3378,108.7026,274.76,69,0,4.0,CN,1612743034
honningsvag,70.9821,25.9704,269.69,92,100,10.65,NO,1612743169
otane,-39.8833,176.6333,300.37,47,14,2.24,NZ,1612743149
imbituba,-28.24,-48.6703,297.15,73,40,6.17,BR,1612743169
newport,51.5877,-2.9984,274.44,77,78,10.16,GB,1612742946
bilibino,68.0546,166.4372,256.49,79,0,2.92,RU,1612743169
araouane,18.9048,-3.5265,290.41,27,83,5.08,ML,1612743169
lagos,6.5833,3.75,301.15,89,40,4.12,NG,1612742942
palmer,42.1584,-72.3287,269.65,86,90,2.57,US,1612743055
san juan,-31.5375,-68.5364,303.38,28,21,10.17,AR,1612743170
ransang,8.9603,117.5828,300.03,79,100,4.24,PH,1612743170
goundam,16.4145,-3.6708,294.38,21,100,5.03,ML,1612743170
bayangol,50.6977,103.4656,253.64,88,81,1.27,RU,1612743129
klaksvik,62.2266,-6.589,275.15,60,75,8.23,FO,1612743170
salinopolis,-0.6136,-47.3561,299.0,88,78,4.78,BR,1612743170
baghdad,33.3406,44.4009,284.15,93,0,1.54,IQ,1612742845
neuquen,-38.9516,-68.0591,294.15,46,75,3.09,AR,1612742953
kumluca,36.3703,30.2869,287.42,74,100,1.25,TR,1612743171
baherden,38.4362,57.4316,285.33,64,100,2.45,TM,1612743171
puerto ayacucho,5.6639,-67.6236,301.45,65,100,0.99,VE,1612743171
nikitinskiy,54.5845,86.0115,263.63,95,79,4.46,RU,1612743171
port-cartier,50.0334,-66.8654,262.6,73,53,0.51,CA,1612743042
urucui,-7.2294,-44.5561,298.45,81,80,0.93,BR,1612743172
kununurra,-15.7667,128.7333,302.15,89,75,3.09,AU,1612743128
the valley,18.217,-63.0578,299.03,73,40,5.66,AI,1612743172
antofagasta,-23.65,-70.4,293.15,77,20,4.63,CL,1612743067
isla vista,34.4133,-119.861,288.92,82,40,2.06,US,1612743062
dukat,62.55,155.55,258.51,86,100,7.92,RU,1612743172
ukiah,39.1502,-123.2078,292.0,32,1,1.38,US,1612743173
itarema,-2.9248,-39.9167,300.12,78,2,6.31,BR,1612743089
presidente medici,-11.1753,-61.9014,296.87,95,81,1.49,BR,1612743173
tornio,65.8481,24.1466,254.15,84,0,1.54,FI,1612743173
havoysund,70.9963,24.6622,268.15,86,90,6.69,NO,1612743173
silver city,32.7701,-108.2803,287.12,11,1,9.77,US,1612743174
anito,12.4497,125.2886,298.96,89,100,6.88,PH,1612743174
batemans bay,-35.7167,150.1833,292.92,60,26,0.45,AU,1612743174
shchebetovka,44.9333,35.15,274.73,88,100,3.18,UA,1612743174
simpang,-1.2667,104.0833,298.41,88,100,1.59,ID,1612743175
oussouye,12.485,-16.5469,294.15,83,0,3.09,SN,1612743175
santiago del estero,-27.7951,-64.2615,302.04,48,0,1.79,AR,1612743045
cartagena,10.3997,-75.5144,300.15,78,40,4.12,CO,1612742962
eydhafushi,5.1033,73.0708,300.43,74,0,4.89,MV,1612743175
ushtobe,45.2514,77.9838,273.6,92,100,2.66,KZ,1612743175
burnie,-41.0667,145.9167,289.26,85,89,2.24,AU,1612743105
vila velha,-20.3297,-40.2925,294.21,100,90,3.09,BR,1612743034
bristol,41.8334,-71.1662,272.42,93,100,3.76,US,1612743176
wattegama,6.7989,81.4808,295.42,92,12,2.35,LK,1612743114
aksu,41.1231,80.2644,269.78,89,78,0.17,CN,1612743176
kosa,59.9445,54.9977,244.1,87,100,3.67,RU,1612743176
maneadero,31.7167,-116.5667,287.04,85,0,0.89,MX,1612743176
mercedes,-34.6515,-59.4307,297.59,67,1,2.52,AR,1612743167
bafoulabe,13.8065,-10.8321,296.49,20,0,2.66,ML,1612743177
muros,42.7762,-9.0603,284.87,86,94,2.68,ES,1612743177
asyut,27.181,31.1837,286.15,71,0,2.57,EG,1612743177
tsumeb,-19.2333,17.7167,292.15,94,97,1.54,NA,1612743177
caninde,-4.3589,-39.3117,298.25,71,4,1.26,BR,1612743177
houston,29.7633,-95.3633,287.56,62,1,4.63,US,1612742741
zeya,53.75,127.2667,247.67,82,0,1.41,RU,1612743140
nhulunbuy,-12.2333,136.7667,301.15,78,40,6.69,AU,1612743180
tual,-5.6667,132.75,301.94,78,100,7.78,ID,1612742942
solnechnyy,50.7214,136.6319,256.61,88,100,0.43,RU,1612743150
hetauda,27.4284,85.0322,277.15,93,20,1.54,NP,1612743131
kemijarvi,66.7131,27.4306,260.14,94,18,3.16,FI,1612743181
police,53.5521,14.5718,264.95,70,89,0.45,PL,1612743181
severnoye,56.3491,78.3619,260.47,94,100,6.4,RU,1612743181
hokitika,-42.7167,170.9667,292.03,67,55,3.22,NZ,1612743181
killybegs,54.6333,-8.45,274.26,80,71,2.68,IE,1612743182
kuruman,-27.4524,23.4325,293.68,76,20,3.79,ZA,1612743182
gornopravdinsk,60.05,69.9,255.9,91,100,5.53,RU,1612743182
manzhouli,49.6,117.4333,250.12,83,1,1.14,CN,1612743182
barcelos,41.5388,-8.6151,283.6,94,40,3.6,PT,1612743096
bima,-8.4667,118.7167,300.23,80,95,0.72,ID,1612743182
mandera,3.9366,41.867,297.97,59,59,6.64,KE,1612743183
inhambupe,-11.7844,-38.3531,297.51,81,84,4.6,BR,1612743183
severo-yeniseyskiy,60.3725,93.0408,262.52,95,78,5.43,RU,1612743181
kushiro,42.975,144.3747,259.15,92,20,2.06,JP,1612743183
clarence town,-32.5833,151.7833,297.08,64,75,7.2,AU,1612743183
loandjili,-4.7561,11.8578,301.15,94,20,3.6,CG,1612743183
ostersund,63.1792,14.6357,264.15,86,90,3.6,SE,1612743184
warwick,41.7001,-71.4162,272.79,100,90,6.17,US,1612743184
namibe,-15.1961,12.1522,295.55,78,85,2.28,AO,1612743184
inongo,-1.95,18.2667,297.06,83,100,1.78,CD,1612743184
ixtapa,20.7,-105.2,296.04,73,1,5.14,MX,1612743184
lompoc,34.6391,-120.4579,287.16,77,1,4.12,US,1612743142
pilar,-9.5972,-35.9567,298.15,88,0,3.6,BR,1612742992
mozarlandia,-14.7447,-50.5706,294.62,95,100,3.41,BR,1612743185
robertsport,6.7533,-11.3686,300.12,83,60,3.73,LR,1612743185
akcaabat,41.0212,39.5715,283.15,87,75,3.09,TR,1612742944
rabo de peixe,37.8,-25.5833,286.63,82,20,3.6,PT,1612743185
edremit,39.5961,27.0244,283.15,87,0,1.54,TR,1612743185
along,28.1667,94.7667,281.93,54,0,0.83,IN,1612743182
madison,34.7334,-86.5667,273.76,86,90,1.54,US,1612742640
camacha,33.0833,-16.3333,289.15,88,75,7.72,PT,1612743186
palu,-0.8917,119.8707,300.05,75,75,0.65,ID,1612743186
egvekinot,66.3167,-179.1667,248.96,87,1,6.91,RU,1612743186
sosnovka,56.255,51.2842,248.59,88,100,5.28,RU,1612743129
ilihan,13.6256,121.0753,299.26,87,91,3.13,PH,1612743186
yekaterinoslavka,50.3734,129.1139,245.97,88,1,4.02,RU,1612743186
nagapattinam,10.7667,79.8333,296.12,79,70,5.07,IN,1612743187
toamasina,-18.1667,49.3833,297.15,94,20,1.54,MG,1612743025
baie-comeau,49.2168,-68.1489,266.15,73,90,2.57,CA,1612743053
rosetta,31.4044,30.4164,287.15,88,0,2.06,EG,1612743187
riyadh,24.6877,46.7219,286.53,71,0,3.6,SA,1612742894
hurghada,27.2574,33.8129,287.15,72,0,1.75,EG,1612743187
matay,28.419,30.7792,287.22,37,2,2.65,EG,1612743188
yatou,37.15,122.3833,271.51,82,0,6.28,CN,1612743188
bonyhad,46.2992,18.5302,283.97,82,100,5.68,HU,1612743188
isernia,41.6002,14.2382,282.52,97,100,1.34,IT,1612743188
madimba,-10.4,40.3333,299.85,86,100,4.26,TZ,1612743189
homer,59.6425,-151.5483,270.09,86,1,3.09,US,1612743189
nanga eboko,4.6833,12.3667,293.75,74,88,0.18,CM,1612743190
preobrazheniye,42.9019,133.9064,257.9,82,0,4.87,RU,1612743129
pacific grove,36.6177,-121.9166,286.54,77,1,3.09,US,1612743060
sioux lookout,50.1001,-91.917,247.15,53,1,5.66,CA,1612743116
salalah,17.0151,54.0924,294.15,73,75,2.06,OM,1612743045
komsomolskiy,40.4272,71.7189,279.15,75,99,4.12,UZ,1612743190
port-gentil,-0.7193,8.7815,298.15,94,20,1.54,GA,1612743154
mackay,-21.15,149.2,303.15,74,75,4.12,AU,1612743191
baykit,61.67,96.37,270.7,94,100,4.12,RU,1612743191
san miguel,13.4833,-88.1833,305.66,40,0,1.54,SV,1612743192
krasnoselkup,65.7,82.4667,266.1,97,99,4.32,RU,1612743192
esmeraldas,-19.7625,-44.3139,291.15,100,90,2.06,BR,1612743192
harnosand,62.6323,17.9379,263.68,86,20,4.12,SE,1612743193
ust-kuyga,70.0167,135.6,239.57,80,17,0.6,RU,1612743193
ulladulla,-35.35,150.4667,292.37,72,75,3.6,AU,1612743193
ingham,42.6,-84.3833,260.05,66,90,2.57,US,1612743193
paita,-5.0892,-81.1144,297.55,75,29,7.02,PE,1612743054
quesnel,52.9999,-122.5029,261.15,61,75,3.6,CA,1612743193
novikovo,51.1537,37.8879,257.32,92,58,2.56,RU,1612743193
tambura,5.6,27.4667,290.43,28,71,2.12,SS,1612743194
kon tum,14.35,108.0,290.88,88,10,1.04,VN,1612743194
nefteyugansk,61.0998,72.6035,258.15,85,75,5.0,RU,1612743194
poya,-21.35,165.15,301.75,65,35,1.95,NC,1612743194
cabano,10.5869,122.7002,299.06,86,100,8.28,PH,1612743194
tarko-sale,64.9225,77.785,261.33,94,98,8.44,RU,1612743194
cururupu,-1.8283,-44.8683,297.24,95,4,1.34,BR,1612743195
jacareacanga,-6.2222,-57.7528,297.1,94,100,0.36,BR,1612743120
parauna,-16.9478,-50.4486,294.0,90,12,0.71,BR,1612743195
merauke,-8.4667,140.3333,301.85,77,98,5.01,ID,1612743195
bemidji,47.4736,-94.8803,246.56,63,1,3.09,US,1612743195
codrington,-38.2667,141.9667,288.6,65,100,6.11,AU,1612743115
hamilton,39.1834,-84.5333,265.21,42,20,3.09,US,1612743157
okhotsk,59.3833,143.3,263.62,89,100,10.21,RU,1612743126
panaba,21.2833,-88.2667,296.26,92,19,4.01,MX,1612743150
laela,-8.5667,32.05,289.74,94,100,1.3,TZ,1612743196
kamaishi,39.2667,141.8833,270.15,74,75,2.57,JP,1612743196
urusha,54.05,122.9,244.85,83,1,1.13,RU,1612743196
